texto,texto_traduzido,neg,neu,pos,compound
RT @bibonunes1: Hoje √© um dos dias mais vergonhosos para a justi√ßa do Brasil. O processo kafkiano que Bolsonaro enfrenta no STF ser√° lembra‚Ä¶,RT @bibonunes1: Today is one of the most shameful days for the Justice of Brazil. The Kafkian process that Bolsonaro faces in the STF will remember‚Ä¶,0.099,0.901,0.0,-0.296
RT @bibonunes1: Hoje √© um dos dias mais vergonhosos para a justi√ßa do Brasil. O processo kafkiano que Bolsonaro enfrenta no STF ser√° lembra‚Ä¶,RT @bibonunes1: Today is one of the most shameful days for the Justice of Brazil. The Kafkian process that Bolsonaro faces in the STF will remember‚Ä¶,0.099,0.901,0.0,-0.296
Tentativa de golpe: Supremo aceita den√∫ncia da PGR --&gt;  https://t.co/lFr0HCBA2c  | #Not√≠cias #Economia #Pol√≠tica #Agro #Brasil #Maca√© #Esporte #Rural #RiodasOstras #Buzios #news #Campos #CaboFrio #Niter√≥i #RJ #Rio #RioDeJaneiro #errejota #S√£oPaulo #saopaulo #SP #CapitalLiberal... https://t.co/Dp6u84AqU6,Supreme attempt: Supreme accepts PGR -& GT complaint;  https://t.co/lfr0hcba2c | #News #Economy #Politics #Agro #Brasil #Maca√© #Sport #Rural #RiodasStras #Buzios #News #Cabofrio #Niter√≥i #RJ #Rio #RoodoNejano #errejota #Sapaulo #SoptalLiberal ... https://t.co/dp6u84Aqu6,0.0,0.917,0.083,0.4404
RT @bibonunes1: Hoje √© um dos dias mais vergonhosos para a justi√ßa do Brasil. O processo kafkiano que Bolsonaro enfrenta no STF ser√° lembra‚Ä¶,RT @bibonunes1: Today is one of the most shameful days for the Justice of Brazil. The Kafkian process that Bolsonaro faces in the STF will remember‚Ä¶,0.099,0.901,0.0,-0.296
"Escolas c√≠vico-militares despertam diverg√™ncias no plen√°rio da CLDF https://t.co/hdKUfCWdt8

#opiniaobrasilia #tenentepoliglota #poliglota #tenpoliglota #distritofederal #brasil #gdf #df #noticias #politica #economia #esportes #cidades #sa√∫de #educa√ß√£o #ultimasnoticias #cldf #g‚Ä¶","Civic-military schools awaken divergences in the CLDF plenary https://t.co/hdkufcwdt8

#OpiniaBrasilia #Tentepoliglota #Poliglota #Tenpoliglota #DistricTeoferal #Brasil #GDF #DF #Noticias #Politics #economics #Sports #Cidades #Educational #AltimasNoticias #CLDF #G‚Ä¶ G‚Ä¶",0.078,0.922,0.0,-0.296
RT @bibonunes1: Hoje √© um dos dias mais vergonhosos para a justi√ßa do Brasil. O processo kafkiano que Bolsonaro enfrenta no STF ser√° lembra‚Ä¶,RT @bibonunes1: Today is one of the most shameful days for the Justice of Brazil. The Kafkian process that Bolsonaro faces in the STF will remember‚Ä¶,0.099,0.901,0.0,-0.296
"RT @VoxLiberdade: üö® BOLSONARO: ""EM DOIS ANOS, N√ÉO ENCONTRARAM L√çDER""

Ap√≥s se tornar r√©u por suposta tentativa de golpe, Bolsonaro afirmou:‚Ä¶","RT @voxliberdade: üö® Bolsonaro: ""In two years, they found no leader""

After becoming a defendant for alleged coup attempt, Bolsonaro said:‚Ä¶",0.0,1.0,0.0,0.0
"ü§î Governadores aliados a Jair Bolsonaro divergem ap√≥s ex-presidente se tornar r√©u; entenda #jairbolsonaro #pol√≠tica #bnews

https://t.co/cF1p6yF59b","ü§î Governors combined with Jair Bolsonaro differ after former president becomes a defendant; Understand #Jairbolsonaro #Politics #BNews

https://t.co/cf1p6yf59b",0.0,1.0,0.0,0.0
RT @bibonunes1: Hoje √© um dos dias mais vergonhosos para a justi√ßa do Brasil. O processo kafkiano que Bolsonaro enfrenta no STF ser√° lembra‚Ä¶,RT @bibonunes1: Today is one of the most shameful days for the Justice of Brazil. The Kafkian process that Bolsonaro faces in the STF will remember‚Ä¶,0.099,0.901,0.0,-0.296
RT @bibonunes1: Hoje √© um dos dias mais vergonhosos para a justi√ßa do Brasil. O processo kafkiano que Bolsonaro enfrenta no STF ser√° lembra‚Ä¶,RT @bibonunes1: Today is one of the most shameful days for the Justice of Brazil. The Kafkian process that Bolsonaro faces in the STF will remember‚Ä¶,0.099,0.901,0.0,-0.296
RT @bibonunes1: Hoje √© um dos dias mais vergonhosos para a justi√ßa do Brasil. O processo kafkiano que Bolsonaro enfrenta no STF ser√° lembra‚Ä¶,RT @bibonunes1: Today is one of the most shameful days for the Justice of Brazil. The Kafkian process that Bolsonaro faces in the STF will remember‚Ä¶,0.099,0.901,0.0,-0.296
RT @bibonunes1: Hoje √© um dos dias mais vergonhosos para a justi√ßa do Brasil. O processo kafkiano que Bolsonaro enfrenta no STF ser√° lembra‚Ä¶,RT @bibonunes1: Today is one of the most shameful days for the Justice of Brazil. The Kafkian process that Bolsonaro faces in the STF will remember‚Ä¶,0.099,0.901,0.0,-0.296
RT @bibonunes1: Hoje √© um dos dias mais vergonhosos para a justi√ßa do Brasil. O processo kafkiano que Bolsonaro enfrenta no STF ser√° lembra‚Ä¶,RT @bibonunes1: Today is one of the most shameful days for the Justice of Brazil. The Kafkian process that Bolsonaro faces in the STF will remember‚Ä¶,0.099,0.901,0.0,-0.296
RT @bibonunes1: Hoje √© um dos dias mais vergonhosos para a justi√ßa do Brasil. O processo kafkiano que Bolsonaro enfrenta no STF ser√° lembra‚Ä¶,RT @bibonunes1: Today is one of the most shameful days for the Justice of Brazil. The Kafkian process that Bolsonaro faces in the STF will remember‚Ä¶,0.099,0.901,0.0,-0.296
RT @bibonunes1: Hoje √© um dos dias mais vergonhosos para a justi√ßa do Brasil. O processo kafkiano que Bolsonaro enfrenta no STF ser√° lembra‚Ä¶,RT @bibonunes1: Today is one of the most shameful days for the Justice of Brazil. The Kafkian process that Bolsonaro faces in the STF will remember‚Ä¶,0.099,0.901,0.0,-0.296
RT @bibonunes1: Hoje √© um dos dias mais vergonhosos para a justi√ßa do Brasil. O processo kafkiano que Bolsonaro enfrenta no STF ser√° lembra‚Ä¶,RT @bibonunes1: Today is one of the most shameful days for the Justice of Brazil. The Kafkian process that Bolsonaro faces in the STF will remember‚Ä¶,0.099,0.901,0.0,-0.296
Brasil e Jap√£o avan√ßam em acordos e parceria --&gt;  https://t.co/uHzP3x1FKN  | #Not√≠cias #Economia #Pol√≠tica #Agro #Brasil #Maca√© #Esporte #Rural #RiodasOstras #Buzios #news #Campos #CaboFrio #Niter√≥i #RJ #Rio #RioDeJaneiro #errejota #S√£oPaulo #saopaulo #SP #CapitalLiberal #BR #... https://t.co/1luGRtpTob,Brazil and Japan advance in agreements and partnership -& GT;  https://t.co/uhzp3x1fkn | #News #Economy #Politics #Agro #Brasil #Maca√© #Sport #Rural #RiodasStras #Buzios #News #Cabofrio #Niter√≥i #RJ #Rio #RoodoNejano #errejota #Saopaulo #SPTALLIBERAL #... https://t.co/1LUGRTPTOB,0.0,1.0,0.0,0.0
RT @bibonunes1: Hoje √© um dos dias mais vergonhosos para a justi√ßa do Brasil. O processo kafkiano que Bolsonaro enfrenta no STF ser√° lembra‚Ä¶,RT @bibonunes1: Today is one of the most shameful days for the Justice of Brazil. The Kafkian process that Bolsonaro faces in the STF will remember‚Ä¶,0.099,0.901,0.0,-0.296
"RT @VoxLiberdade: üö® BOLSONARO: ""EM DOIS ANOS, N√ÉO ENCONTRARAM L√çDER""

Ap√≥s se tornar r√©u por suposta tentativa de golpe, Bolsonaro afirmou:‚Ä¶","RT @voxliberdade: üö® Bolsonaro: ""In two years, they found no leader""

After becoming a defendant for alleged coup attempt, Bolsonaro said:‚Ä¶",0.0,1.0,0.0,0.0
RT @bibonunes1: Hoje √© um dos dias mais vergonhosos para a justi√ßa do Brasil. O processo kafkiano que Bolsonaro enfrenta no STF ser√° lembra‚Ä¶,RT @bibonunes1: Today is one of the most shameful days for the Justice of Brazil. The Kafkian process that Bolsonaro faces in the STF will remember‚Ä¶,0.099,0.901,0.0,-0.296
RT @bibonunes1: Hoje √© um dos dias mais vergonhosos para a justi√ßa do Brasil. O processo kafkiano que Bolsonaro enfrenta no STF ser√° lembra‚Ä¶,RT @bibonunes1: Today is one of the most shameful days for the Justice of Brazil. The Kafkian process that Bolsonaro faces in the STF will remember‚Ä¶,0.099,0.901,0.0,-0.296
RT @bibonunes1: Hoje √© um dos dias mais vergonhosos para a justi√ßa do Brasil. O processo kafkiano que Bolsonaro enfrenta no STF ser√° lembra‚Ä¶,RT @bibonunes1: Today is one of the most shameful days for the Justice of Brazil. The Kafkian process that Bolsonaro faces in the STF will remember‚Ä¶,0.099,0.901,0.0,-0.296
RT @bibonunes1: Hoje √© um dos dias mais vergonhosos para a justi√ßa do Brasil. O processo kafkiano que Bolsonaro enfrenta no STF ser√° lembra‚Ä¶,RT @bibonunes1: Today is one of the most shameful days for the Justice of Brazil. The Kafkian process that Bolsonaro faces in the STF will remember‚Ä¶,0.099,0.901,0.0,-0.296
"RT @meiahora: STF remarca julgamento de den√∫ncia contra n√∫cleo golpista para 20 e 21 de maio. #STF #Julgamento #Pol√≠tica #MeiaHora
https://‚Ä¶","RT @meiahora: STF RETAINS JUDGMENT OF DISCUCTION AGAINST COURSE CORE FOR MAY 20 AND 21. #Stf #Julge #Politics #Meiahora
https: //‚Ä¶",0.0,1.0,0.0,0.0
RT @bibonunes1: Hoje √© um dos dias mais vergonhosos para a justi√ßa do Brasil. O processo kafkiano que Bolsonaro enfrenta no STF ser√° lembra‚Ä¶,RT @bibonunes1: Today is one of the most shameful days for the Justice of Brazil. The Kafkian process that Bolsonaro faces in the STF will remember‚Ä¶,0.099,0.901,0.0,-0.296
RT @bibonunes1: Hoje √© um dos dias mais vergonhosos para a justi√ßa do Brasil. O processo kafkiano que Bolsonaro enfrenta no STF ser√° lembra‚Ä¶,RT @bibonunes1: Today is one of the most shameful days for the Justice of Brazil. The Kafkian process that Bolsonaro faces in the STF will remember‚Ä¶,0.099,0.901,0.0,-0.296
RT @bibonunes1: Hoje √© um dos dias mais vergonhosos para a justi√ßa do Brasil. O processo kafkiano que Bolsonaro enfrenta no STF ser√° lembra‚Ä¶,RT @bibonunes1: Today is one of the most shameful days for the Justice of Brazil. The Kafkian process that Bolsonaro faces in the STF will remember‚Ä¶,0.099,0.901,0.0,-0.296
"RT @MrHP: O Estado teve um saldo + de 0,7%. A carga fiscal subiu. No tempo do #PS, isto significava + impostos e - investimento. Com a #AD‚Ä¶","RT @MRHP: The state had a + 0.7%balance. The tax burden has risen. In #PS time, this meant + taxes and - investment. With #ad‚Ä¶",0.099,0.901,0.0,-0.296
"Daqui a pouco vai ter que segurar outra coisa üçÜ... e dos presidi√°rios ainda por cima, seu vagabundo #Bolsonaro #vagabundo #Politica https://t.co/mWrJuiTqJa","In a little while you will have to hold something else üçÜ ... and the prisoners on top, your bum #bolsonaro #vagabundo #politica https://t.co/mwrjuitqja",0.0,1.0,0.0,0.0
"Sem defini√ß√£o para 2026, Fraga se anima com ideia de concorrer ao Buriti novamente https://t.co/6gVROqFC3Q

#opiniaobrasilia #tenentepoliglota #poliglota #tenpoliglota #distritofederal #brasil #gdf #df #noticias #politica #economia #esportes #cidades #sa√∫de #educa√ß√£o #ultimasno‚Ä¶","Without definition for 2026, Fraga is excited to compete for Buriti again https://t.co/6gvroqfc3q

#OpiniaBrasilia #Tentepoliglota #Poliglota #Tenpoliglota #DistricTeoferal #Brasil #GDF #DF #Noticias #Politics #economics #Sports #Cidades #Health #Education #Ultimasno‚Ä¶",0.0,1.0,0.0,0.0
"STF remarca julgamento de den√∫ncia contra n√∫cleo golpista para 20 e 21 de maio. #STF #Julgamento #Pol√≠tica #MeiaHora
https://t.co/AWpVJ9Ul6Z","STF reschedules Judgment of Denunciation Against the coup nucleus for May 20 and 21. #Stf #Julge #Politics #Meiahora
https://t.co/awpvj9ul6z",0.0,1.0,0.0,0.0
RT @bibonunes1: Hoje √© um dos dias mais vergonhosos para a justi√ßa do Brasil. O processo kafkiano que Bolsonaro enfrenta no STF ser√° lembra‚Ä¶,RT @bibonunes1: Today is one of the most shameful days for the Justice of Brazil. The Kafkian process that Bolsonaro faces in the STF will remember‚Ä¶,0.099,0.901,0.0,-0.296
RT @bibonunes1: Hoje √© um dos dias mais vergonhosos para a justi√ßa do Brasil. O processo kafkiano que Bolsonaro enfrenta no STF ser√° lembra‚Ä¶,RT @bibonunes1: Today is one of the most shameful days for the Justice of Brazil. The Kafkian process that Bolsonaro faces in the STF will remember‚Ä¶,0.099,0.901,0.0,-0.296
"RT @MrHP: O Estado teve um saldo + de 0,7%. A carga fiscal subiu. No tempo do #PS, isto significava + impostos e - investimento. Com a #AD‚Ä¶","RT @MRHP: The state had a + 0.7%balance. The tax burden has risen. In #PS time, this meant + taxes and - investment. With #ad‚Ä¶",0.099,0.901,0.0,-0.296
"RT @VoxLiberdade: üö® BOLSONARO: ""EM DOIS ANOS, N√ÉO ENCONTRARAM L√çDER""

Ap√≥s se tornar r√©u por suposta tentativa de golpe, Bolsonaro afirmou:‚Ä¶","RT @voxliberdade: üö® Bolsonaro: ""In two years, they found no leader""

After becoming a defendant for alleged coup attempt, Bolsonaro said:‚Ä¶",0.0,1.0,0.0,0.0
"RT @VoxLiberdade: üö® BOLSONARO: ""EM DOIS ANOS, N√ÉO ENCONTRARAM L√çDER""

Ap√≥s se tornar r√©u por suposta tentativa de golpe, Bolsonaro afirmou:‚Ä¶","RT @voxliberdade: üö® Bolsonaro: ""In two years, they found no leader""

After becoming a defendant for alleged coup attempt, Bolsonaro said:‚Ä¶",0.0,1.0,0.0,0.0
RT @bibonunes1: Hoje √© um dos dias mais vergonhosos para a justi√ßa do Brasil. O processo kafkiano que Bolsonaro enfrenta no STF ser√° lembra‚Ä¶,RT @bibonunes1: Today is one of the most shameful days for the Justice of Brazil. The Kafkian process that Bolsonaro faces in the STF will remember‚Ä¶,0.099,0.901,0.0,-0.296
RT @bibonunes1: Hoje √© um dos dias mais vergonhosos para a justi√ßa do Brasil. O processo kafkiano que Bolsonaro enfrenta no STF ser√° lembra‚Ä¶,RT @bibonunes1: Today is one of the most shameful days for the Justice of Brazil. The Kafkian process that Bolsonaro faces in the STF will remember‚Ä¶,0.099,0.901,0.0,-0.296
RT @bibonunes1: Hoje √© um dos dias mais vergonhosos para a justi√ßa do Brasil. O processo kafkiano que Bolsonaro enfrenta no STF ser√° lembra‚Ä¶,RT @bibonunes1: Today is one of the most shameful days for the Justice of Brazil. The Kafkian process that Bolsonaro faces in the STF will remember‚Ä¶,0.099,0.901,0.0,-0.296
RT @bibonunes1: Hoje √© um dos dias mais vergonhosos para a justi√ßa do Brasil. O processo kafkiano que Bolsonaro enfrenta no STF ser√° lembra‚Ä¶,RT @bibonunes1: Today is one of the most shameful days for the Justice of Brazil. The Kafkian process that Bolsonaro faces in the STF will remember‚Ä¶,0.099,0.901,0.0,-0.296
RT @bibonunes1: Hoje √© um dos dias mais vergonhosos para a justi√ßa do Brasil. O processo kafkiano que Bolsonaro enfrenta no STF ser√° lembra‚Ä¶,RT @bibonunes1: Today is one of the most shameful days for the Justice of Brazil. The Kafkian process that Bolsonaro faces in the STF will remember‚Ä¶,0.099,0.901,0.0,-0.296
RT @bibonunes1: Hoje √© um dos dias mais vergonhosos para a justi√ßa do Brasil. O processo kafkiano que Bolsonaro enfrenta no STF ser√° lembra‚Ä¶,RT @bibonunes1: Today is one of the most shameful days for the Justice of Brazil. The Kafkian process that Bolsonaro faces in the STF will remember‚Ä¶,0.099,0.901,0.0,-0.296
RT @bibonunes1: Hoje √© um dos dias mais vergonhosos para a justi√ßa do Brasil. O processo kafkiano que Bolsonaro enfrenta no STF ser√° lembra‚Ä¶,RT @bibonunes1: Today is one of the most shameful days for the Justice of Brazil. The Kafkian process that Bolsonaro faces in the STF will remember‚Ä¶,0.099,0.901,0.0,-0.296
RT @bibonunes1: Hoje √© um dos dias mais vergonhosos para a justi√ßa do Brasil. O processo kafkiano que Bolsonaro enfrenta no STF ser√° lembra‚Ä¶,RT @bibonunes1: Today is one of the most shameful days for the Justice of Brazil. The Kafkian process that Bolsonaro faces in the STF will remember‚Ä¶,0.099,0.901,0.0,-0.296
"RT @VoxLiberdade: üö® BOLSONARO: ""EM DOIS ANOS, N√ÉO ENCONTRARAM L√çDER""

Ap√≥s se tornar r√©u por suposta tentativa de golpe, Bolsonaro afirmou:‚Ä¶","RT @voxliberdade: üö® Bolsonaro: ""In two years, they found no leader""

After becoming a defendant for alleged coup attempt, Bolsonaro said:‚Ä¶",0.0,1.0,0.0,0.0
RT @bibonunes1: Hoje √© um dos dias mais vergonhosos para a justi√ßa do Brasil. O processo kafkiano que Bolsonaro enfrenta no STF ser√° lembra‚Ä¶,RT @bibonunes1: Today is one of the most shameful days for the Justice of Brazil. The Kafkian process that Bolsonaro faces in the STF will remember‚Ä¶,0.099,0.901,0.0,-0.296
RT @bibonunes1: Hoje √© um dos dias mais vergonhosos para a justi√ßa do Brasil. O processo kafkiano que Bolsonaro enfrenta no STF ser√° lembra‚Ä¶,RT @bibonunes1: Today is one of the most shameful days for the Justice of Brazil. The Kafkian process that Bolsonaro faces in the STF will remember‚Ä¶,0.099,0.901,0.0,-0.296
"RT @MrHP: O Estado teve um saldo + de 0,7%. A carga fiscal subiu. No tempo do #PS, isto significava + impostos e - investimento. Com a #AD‚Ä¶","RT @MRHP: The state had a + 0.7%balance. The tax burden has risen. In #PS time, this meant + taxes and - investment. With #ad‚Ä¶",0.099,0.901,0.0,-0.296
"RT @psd_parlamento: üôèüèºüåπ Felizmente h√° no PS quem saiba olhar para a pol√≠tica com Nobreza e Dec√™ncia. 

#portugal #pol√≠tica #parlamento¬†#psd‚Ä¶","RT @PSD_Parlation: üôèüèºüåπ Fortunately there are in PS who knows how to look at politics with nobility and decency. 

#portugal #policy #arlation #psd‚Ä¶",0.109,0.891,0.0,-0.296
RT @bibonunes1: Hoje √© um dos dias mais vergonhosos para a justi√ßa do Brasil. O processo kafkiano que Bolsonaro enfrenta no STF ser√° lembra‚Ä¶,RT @bibonunes1: Today is one of the most shameful days for the Justice of Brazil. The Kafkian process that Bolsonaro faces in the STF will remember‚Ä¶,0.099,0.901,0.0,-0.296
