texto,neg,neu,pos,compound
RT @bibonunes1: Hoje √© um dos dias mais vergonhosos para a justi√ßa do Brasil. O processo kafkiano que Bolsonaro enfrenta no STF ser√° lembra‚Ä¶,0.099,0.901,0.0,-0.296
RT @bibonunes1: Hoje √© um dos dias mais vergonhosos para a justi√ßa do Brasil. O processo kafkiano que Bolsonaro enfrenta no STF ser√° lembra‚Ä¶,0.099,0.901,0.0,-0.296
Tentativa de golpe: Supremo aceita den√∫ncia da PGR --&gt;  https://t.co/lFr0HCBA2c  | #Not√≠cias #Economia #Pol√≠tica #Agro #Brasil #Maca√© #Esporte #Rural #RiodasOstras #Buzios #news #Campos #CaboFrio #Niter√≥i #RJ #Rio #RioDeJaneiro #errejota #S√£oPaulo #saopaulo #SP #CapitalLiberal... https://t.co/Dp6u84AqU6,0.0,0.917,0.083,0.4404
RT @bibonunes1: Hoje √© um dos dias mais vergonhosos para a justi√ßa do Brasil. O processo kafkiano que Bolsonaro enfrenta no STF ser√° lembra‚Ä¶,0.099,0.901,0.0,-0.296
"Escolas c√≠vico-militares despertam diverg√™ncias no plen√°rio da CLDF https://t.co/hdKUfCWdt8

#opiniaobrasilia #tenentepoliglota #poliglota #tenpoliglota #distritofederal #brasil #gdf #df #noticias #politica #economia #esportes #cidades #sa√∫de #educa√ß√£o #ultimasnoticias #cldf #g‚Ä¶",0.078,0.922,0.0,-0.296
RT @bibonunes1: Hoje √© um dos dias mais vergonhosos para a justi√ßa do Brasil. O processo kafkiano que Bolsonaro enfrenta no STF ser√° lembra‚Ä¶,0.099,0.901,0.0,-0.296
"RT @VoxLiberdade: üö® BOLSONARO: ""EM DOIS ANOS, N√ÉO ENCONTRARAM L√çDER""

Ap√≥s se tornar r√©u por suposta tentativa de golpe, Bolsonaro afirmou:‚Ä¶",0.0,1.0,0.0,0.0
"ü§î Governadores aliados a Jair Bolsonaro divergem ap√≥s ex-presidente se tornar r√©u; entenda #jairbolsonaro #pol√≠tica #bnews

https://t.co/cF1p6yF59b",0.0,1.0,0.0,0.0
RT @bibonunes1: Hoje √© um dos dias mais vergonhosos para a justi√ßa do Brasil. O processo kafkiano que Bolsonaro enfrenta no STF ser√° lembra‚Ä¶,0.099,0.901,0.0,-0.296
RT @bibonunes1: Hoje √© um dos dias mais vergonhosos para a justi√ßa do Brasil. O processo kafkiano que Bolsonaro enfrenta no STF ser√° lembra‚Ä¶,0.099,0.901,0.0,-0.296
RT @bibonunes1: Hoje √© um dos dias mais vergonhosos para a justi√ßa do Brasil. O processo kafkiano que Bolsonaro enfrenta no STF ser√° lembra‚Ä¶,0.099,0.901,0.0,-0.296
RT @bibonunes1: Hoje √© um dos dias mais vergonhosos para a justi√ßa do Brasil. O processo kafkiano que Bolsonaro enfrenta no STF ser√° lembra‚Ä¶,0.099,0.901,0.0,-0.296
RT @bibonunes1: Hoje √© um dos dias mais vergonhosos para a justi√ßa do Brasil. O processo kafkiano que Bolsonaro enfrenta no STF ser√° lembra‚Ä¶,0.099,0.901,0.0,-0.296
RT @bibonunes1: Hoje √© um dos dias mais vergonhosos para a justi√ßa do Brasil. O processo kafkiano que Bolsonaro enfrenta no STF ser√° lembra‚Ä¶,0.099,0.901,0.0,-0.296
RT @bibonunes1: Hoje √© um dos dias mais vergonhosos para a justi√ßa do Brasil. O processo kafkiano que Bolsonaro enfrenta no STF ser√° lembra‚Ä¶,0.099,0.901,0.0,-0.296
RT @bibonunes1: Hoje √© um dos dias mais vergonhosos para a justi√ßa do Brasil. O processo kafkiano que Bolsonaro enfrenta no STF ser√° lembra‚Ä¶,0.099,0.901,0.0,-0.296
Brasil e Jap√£o avan√ßam em acordos e parceria --&gt;  https://t.co/uHzP3x1FKN  | #Not√≠cias #Economia #Pol√≠tica #Agro #Brasil #Maca√© #Esporte #Rural #RiodasOstras #Buzios #news #Campos #CaboFrio #Niter√≥i #RJ #Rio #RioDeJaneiro #errejota #S√£oPaulo #saopaulo #SP #CapitalLiberal #BR #... https://t.co/1luGRtpTob,0.0,1.0,0.0,0.0
RT @bibonunes1: Hoje √© um dos dias mais vergonhosos para a justi√ßa do Brasil. O processo kafkiano que Bolsonaro enfrenta no STF ser√° lembra‚Ä¶,0.099,0.901,0.0,-0.296
"RT @VoxLiberdade: üö® BOLSONARO: ""EM DOIS ANOS, N√ÉO ENCONTRARAM L√çDER""

Ap√≥s se tornar r√©u por suposta tentativa de golpe, Bolsonaro afirmou:‚Ä¶",0.0,1.0,0.0,0.0
RT @bibonunes1: Hoje √© um dos dias mais vergonhosos para a justi√ßa do Brasil. O processo kafkiano que Bolsonaro enfrenta no STF ser√° lembra‚Ä¶,0.099,0.901,0.0,-0.296
RT @bibonunes1: Hoje √© um dos dias mais vergonhosos para a justi√ßa do Brasil. O processo kafkiano que Bolsonaro enfrenta no STF ser√° lembra‚Ä¶,0.099,0.901,0.0,-0.296
RT @bibonunes1: Hoje √© um dos dias mais vergonhosos para a justi√ßa do Brasil. O processo kafkiano que Bolsonaro enfrenta no STF ser√° lembra‚Ä¶,0.099,0.901,0.0,-0.296
RT @bibonunes1: Hoje √© um dos dias mais vergonhosos para a justi√ßa do Brasil. O processo kafkiano que Bolsonaro enfrenta no STF ser√° lembra‚Ä¶,0.099,0.901,0.0,-0.296
"RT @meiahora: STF remarca julgamento de den√∫ncia contra n√∫cleo golpista para 20 e 21 de maio. #STF #Julgamento #Pol√≠tica #MeiaHora
https://‚Ä¶",0.0,1.0,0.0,0.0
RT @bibonunes1: Hoje √© um dos dias mais vergonhosos para a justi√ßa do Brasil. O processo kafkiano que Bolsonaro enfrenta no STF ser√° lembra‚Ä¶,0.099,0.901,0.0,-0.296
RT @bibonunes1: Hoje √© um dos dias mais vergonhosos para a justi√ßa do Brasil. O processo kafkiano que Bolsonaro enfrenta no STF ser√° lembra‚Ä¶,0.099,0.901,0.0,-0.296
RT @bibonunes1: Hoje √© um dos dias mais vergonhosos para a justi√ßa do Brasil. O processo kafkiano que Bolsonaro enfrenta no STF ser√° lembra‚Ä¶,0.099,0.901,0.0,-0.296
"RT @MrHP: O Estado teve um saldo + de 0,7%. A carga fiscal subiu. No tempo do #PS, isto significava + impostos e - investimento. Com a #AD‚Ä¶",0.099,0.901,0.0,-0.296
"Daqui a pouco vai ter que segurar outra coisa üçÜ... e dos presidi√°rios ainda por cima, seu vagabundo #Bolsonaro #vagabundo #Politica https://t.co/mWrJuiTqJa",0.0,1.0,0.0,0.0
"Sem defini√ß√£o para 2026, Fraga se anima com ideia de concorrer ao Buriti novamente https://t.co/6gVROqFC3Q

#opiniaobrasilia #tenentepoliglota #poliglota #tenpoliglota #distritofederal #brasil #gdf #df #noticias #politica #economia #esportes #cidades #sa√∫de #educa√ß√£o #ultimasno‚Ä¶",0.0,1.0,0.0,0.0
"STF remarca julgamento de den√∫ncia contra n√∫cleo golpista para 20 e 21 de maio. #STF #Julgamento #Pol√≠tica #MeiaHora
https://t.co/AWpVJ9Ul6Z",0.0,1.0,0.0,0.0
RT @bibonunes1: Hoje √© um dos dias mais vergonhosos para a justi√ßa do Brasil. O processo kafkiano que Bolsonaro enfrenta no STF ser√° lembra‚Ä¶,0.099,0.901,0.0,-0.296
RT @bibonunes1: Hoje √© um dos dias mais vergonhosos para a justi√ßa do Brasil. O processo kafkiano que Bolsonaro enfrenta no STF ser√° lembra‚Ä¶,0.099,0.901,0.0,-0.296
"RT @MrHP: O Estado teve um saldo + de 0,7%. A carga fiscal subiu. No tempo do #PS, isto significava + impostos e - investimento. Com a #AD‚Ä¶",0.099,0.901,0.0,-0.296
"RT @VoxLiberdade: üö® BOLSONARO: ""EM DOIS ANOS, N√ÉO ENCONTRARAM L√çDER""

Ap√≥s se tornar r√©u por suposta tentativa de golpe, Bolsonaro afirmou:‚Ä¶",0.0,1.0,0.0,0.0
"RT @VoxLiberdade: üö® BOLSONARO: ""EM DOIS ANOS, N√ÉO ENCONTRARAM L√çDER""

Ap√≥s se tornar r√©u por suposta tentativa de golpe, Bolsonaro afirmou:‚Ä¶",0.0,1.0,0.0,0.0
RT @bibonunes1: Hoje √© um dos dias mais vergonhosos para a justi√ßa do Brasil. O processo kafkiano que Bolsonaro enfrenta no STF ser√° lembra‚Ä¶,0.099,0.901,0.0,-0.296
RT @bibonunes1: Hoje √© um dos dias mais vergonhosos para a justi√ßa do Brasil. O processo kafkiano que Bolsonaro enfrenta no STF ser√° lembra‚Ä¶,0.099,0.901,0.0,-0.296
RT @bibonunes1: Hoje √© um dos dias mais vergonhosos para a justi√ßa do Brasil. O processo kafkiano que Bolsonaro enfrenta no STF ser√° lembra‚Ä¶,0.099,0.901,0.0,-0.296
RT @bibonunes1: Hoje √© um dos dias mais vergonhosos para a justi√ßa do Brasil. O processo kafkiano que Bolsonaro enfrenta no STF ser√° lembra‚Ä¶,0.099,0.901,0.0,-0.296
RT @bibonunes1: Hoje √© um dos dias mais vergonhosos para a justi√ßa do Brasil. O processo kafkiano que Bolsonaro enfrenta no STF ser√° lembra‚Ä¶,0.099,0.901,0.0,-0.296
RT @bibonunes1: Hoje √© um dos dias mais vergonhosos para a justi√ßa do Brasil. O processo kafkiano que Bolsonaro enfrenta no STF ser√° lembra‚Ä¶,0.099,0.901,0.0,-0.296
RT @bibonunes1: Hoje √© um dos dias mais vergonhosos para a justi√ßa do Brasil. O processo kafkiano que Bolsonaro enfrenta no STF ser√° lembra‚Ä¶,0.099,0.901,0.0,-0.296
RT @bibonunes1: Hoje √© um dos dias mais vergonhosos para a justi√ßa do Brasil. O processo kafkiano que Bolsonaro enfrenta no STF ser√° lembra‚Ä¶,0.099,0.901,0.0,-0.296
"RT @VoxLiberdade: üö® BOLSONARO: ""EM DOIS ANOS, N√ÉO ENCONTRARAM L√çDER""

Ap√≥s se tornar r√©u por suposta tentativa de golpe, Bolsonaro afirmou:‚Ä¶",0.0,1.0,0.0,0.0
RT @bibonunes1: Hoje √© um dos dias mais vergonhosos para a justi√ßa do Brasil. O processo kafkiano que Bolsonaro enfrenta no STF ser√° lembra‚Ä¶,0.099,0.901,0.0,-0.296
RT @bibonunes1: Hoje √© um dos dias mais vergonhosos para a justi√ßa do Brasil. O processo kafkiano que Bolsonaro enfrenta no STF ser√° lembra‚Ä¶,0.099,0.901,0.0,-0.296
"RT @MrHP: O Estado teve um saldo + de 0,7%. A carga fiscal subiu. No tempo do #PS, isto significava + impostos e - investimento. Com a #AD‚Ä¶",0.099,0.901,0.0,-0.296
"RT @psd_parlamento: üôèüèºüåπ Felizmente h√° no PS quem saiba olhar para a pol√≠tica com Nobreza e Dec√™ncia. 

#portugal #pol√≠tica #parlamento¬†#psd‚Ä¶",0.109,0.891,0.0,-0.296
RT @bibonunes1: Hoje √© um dos dias mais vergonhosos para a justi√ßa do Brasil. O processo kafkiano que Bolsonaro enfrenta no STF ser√° lembra‚Ä¶,0.099,0.901,0.0,-0.296
