texto,label,score
RT @bibonunes1: Hoje √© um dos dias mais vergonhosos para a justi√ßa do Brasil. O processo kafkiano que Bolsonaro enfrenta no STF ser√° lembra‚Ä¶,LABEL_0,0.5511120557785034
RT @bibonunes1: Hoje √© um dos dias mais vergonhosos para a justi√ßa do Brasil. O processo kafkiano que Bolsonaro enfrenta no STF ser√° lembra‚Ä¶,LABEL_0,0.5511120557785034
Tentativa de golpe: Supremo aceita den√∫ncia da PGR --&gt;  https://t.co/lFr0HCBA2c  | #Not√≠cias #Economia #Pol√≠tica #Agro #Brasil #Maca√© #Esporte #Rural #RiodasOstras #Buzios #news #Campos #CaboFrio #Niter√≥i #RJ #Rio #RioDeJaneiro #errejota #S√£oPaulo #saopaulo #SP #CapitalLiberal... https://t.co/Dp6u84AqU6,LABEL_0,0.5340405702590942
RT @bibonunes1: Hoje √© um dos dias mais vergonhosos para a justi√ßa do Brasil. O processo kafkiano que Bolsonaro enfrenta no STF ser√° lembra‚Ä¶,LABEL_0,0.5511120557785034
"Escolas c√≠vico-militares despertam diverg√™ncias no plen√°rio da CLDF https://t.co/hdKUfCWdt8

#opiniaobrasilia #tenentepoliglota #poliglota #tenpoliglota #distritofederal #brasil #gdf #df #noticias #politica #economia #esportes #cidades #sa√∫de #educa√ß√£o #ultimasnoticias #cldf #g‚Ä¶",LABEL_1,0.5118438005447388
RT @bibonunes1: Hoje √© um dos dias mais vergonhosos para a justi√ßa do Brasil. O processo kafkiano que Bolsonaro enfrenta no STF ser√° lembra‚Ä¶,LABEL_0,0.5511120557785034
"RT @VoxLiberdade: üö® BOLSONARO: ""EM DOIS ANOS, N√ÉO ENCONTRARAM L√çDER""

Ap√≥s se tornar r√©u por suposta tentativa de golpe, Bolsonaro afirmou:‚Ä¶",LABEL_0,0.524208664894104
"ü§î Governadores aliados a Jair Bolsonaro divergem ap√≥s ex-presidente se tornar r√©u; entenda #jairbolsonaro #pol√≠tica #bnews

https://t.co/cF1p6yF59b",LABEL_0,0.5161808133125305
RT @bibonunes1: Hoje √© um dos dias mais vergonhosos para a justi√ßa do Brasil. O processo kafkiano que Bolsonaro enfrenta no STF ser√° lembra‚Ä¶,LABEL_0,0.5511120557785034
RT @bibonunes1: Hoje √© um dos dias mais vergonhosos para a justi√ßa do Brasil. O processo kafkiano que Bolsonaro enfrenta no STF ser√° lembra‚Ä¶,LABEL_0,0.5511120557785034
RT @bibonunes1: Hoje √© um dos dias mais vergonhosos para a justi√ßa do Brasil. O processo kafkiano que Bolsonaro enfrenta no STF ser√° lembra‚Ä¶,LABEL_0,0.5511120557785034
RT @bibonunes1: Hoje √© um dos dias mais vergonhosos para a justi√ßa do Brasil. O processo kafkiano que Bolsonaro enfrenta no STF ser√° lembra‚Ä¶,LABEL_0,0.5511120557785034
RT @bibonunes1: Hoje √© um dos dias mais vergonhosos para a justi√ßa do Brasil. O processo kafkiano que Bolsonaro enfrenta no STF ser√° lembra‚Ä¶,LABEL_0,0.5511120557785034
RT @bibonunes1: Hoje √© um dos dias mais vergonhosos para a justi√ßa do Brasil. O processo kafkiano que Bolsonaro enfrenta no STF ser√° lembra‚Ä¶,LABEL_0,0.5511120557785034
RT @bibonunes1: Hoje √© um dos dias mais vergonhosos para a justi√ßa do Brasil. O processo kafkiano que Bolsonaro enfrenta no STF ser√° lembra‚Ä¶,LABEL_0,0.5511120557785034
RT @bibonunes1: Hoje √© um dos dias mais vergonhosos para a justi√ßa do Brasil. O processo kafkiano que Bolsonaro enfrenta no STF ser√° lembra‚Ä¶,LABEL_0,0.5511120557785034
Brasil e Jap√£o avan√ßam em acordos e parceria --&gt;  https://t.co/uHzP3x1FKN  | #Not√≠cias #Economia #Pol√≠tica #Agro #Brasil #Maca√© #Esporte #Rural #RiodasOstras #Buzios #news #Campos #CaboFrio #Niter√≥i #RJ #Rio #RioDeJaneiro #errejota #S√£oPaulo #saopaulo #SP #CapitalLiberal #BR #... https://t.co/1luGRtpTob,LABEL_0,0.5022903084754944
RT @bibonunes1: Hoje √© um dos dias mais vergonhosos para a justi√ßa do Brasil. O processo kafkiano que Bolsonaro enfrenta no STF ser√° lembra‚Ä¶,LABEL_0,0.5511120557785034
"RT @VoxLiberdade: üö® BOLSONARO: ""EM DOIS ANOS, N√ÉO ENCONTRARAM L√çDER""

Ap√≥s se tornar r√©u por suposta tentativa de golpe, Bolsonaro afirmou:‚Ä¶",LABEL_0,0.524208664894104
RT @bibonunes1: Hoje √© um dos dias mais vergonhosos para a justi√ßa do Brasil. O processo kafkiano que Bolsonaro enfrenta no STF ser√° lembra‚Ä¶,LABEL_0,0.5511120557785034
RT @bibonunes1: Hoje √© um dos dias mais vergonhosos para a justi√ßa do Brasil. O processo kafkiano que Bolsonaro enfrenta no STF ser√° lembra‚Ä¶,LABEL_0,0.5511120557785034
RT @bibonunes1: Hoje √© um dos dias mais vergonhosos para a justi√ßa do Brasil. O processo kafkiano que Bolsonaro enfrenta no STF ser√° lembra‚Ä¶,LABEL_0,0.5511120557785034
RT @bibonunes1: Hoje √© um dos dias mais vergonhosos para a justi√ßa do Brasil. O processo kafkiano que Bolsonaro enfrenta no STF ser√° lembra‚Ä¶,LABEL_0,0.5511120557785034
"RT @meiahora: STF remarca julgamento de den√∫ncia contra n√∫cleo golpista para 20 e 21 de maio. #STF #Julgamento #Pol√≠tica #MeiaHora
https://‚Ä¶",LABEL_0,0.57176673412323
RT @bibonunes1: Hoje √© um dos dias mais vergonhosos para a justi√ßa do Brasil. O processo kafkiano que Bolsonaro enfrenta no STF ser√° lembra‚Ä¶,LABEL_0,0.5511120557785034
RT @bibonunes1: Hoje √© um dos dias mais vergonhosos para a justi√ßa do Brasil. O processo kafkiano que Bolsonaro enfrenta no STF ser√° lembra‚Ä¶,LABEL_0,0.5511120557785034
RT @bibonunes1: Hoje √© um dos dias mais vergonhosos para a justi√ßa do Brasil. O processo kafkiano que Bolsonaro enfrenta no STF ser√° lembra‚Ä¶,LABEL_0,0.5511120557785034
"RT @MrHP: O Estado teve um saldo + de 0,7%. A carga fiscal subiu. No tempo do #PS, isto significava + impostos e - investimento. Com a #AD‚Ä¶",LABEL_0,0.5445908904075623
"Daqui a pouco vai ter que segurar outra coisa üçÜ... e dos presidi√°rios ainda por cima, seu vagabundo #Bolsonaro #vagabundo #Politica https://t.co/mWrJuiTqJa",LABEL_0,0.5253128409385681
"Sem defini√ß√£o para 2026, Fraga se anima com ideia de concorrer ao Buriti novamente https://t.co/6gVROqFC3Q

#opiniaobrasilia #tenentepoliglota #poliglota #tenpoliglota #distritofederal #brasil #gdf #df #noticias #politica #economia #esportes #cidades #sa√∫de #educa√ß√£o #ultimasno‚Ä¶",LABEL_1,0.5062941312789917
"STF remarca julgamento de den√∫ncia contra n√∫cleo golpista para 20 e 21 de maio. #STF #Julgamento #Pol√≠tica #MeiaHora
https://t.co/AWpVJ9Ul6Z",LABEL_0,0.5510678887367249
RT @bibonunes1: Hoje √© um dos dias mais vergonhosos para a justi√ßa do Brasil. O processo kafkiano que Bolsonaro enfrenta no STF ser√° lembra‚Ä¶,LABEL_0,0.5511120557785034
RT @bibonunes1: Hoje √© um dos dias mais vergonhosos para a justi√ßa do Brasil. O processo kafkiano que Bolsonaro enfrenta no STF ser√° lembra‚Ä¶,LABEL_0,0.5511120557785034
"RT @MrHP: O Estado teve um saldo + de 0,7%. A carga fiscal subiu. No tempo do #PS, isto significava + impostos e - investimento. Com a #AD‚Ä¶",LABEL_0,0.5445908904075623
"RT @VoxLiberdade: üö® BOLSONARO: ""EM DOIS ANOS, N√ÉO ENCONTRARAM L√çDER""

Ap√≥s se tornar r√©u por suposta tentativa de golpe, Bolsonaro afirmou:‚Ä¶",LABEL_0,0.524208664894104
"RT @VoxLiberdade: üö® BOLSONARO: ""EM DOIS ANOS, N√ÉO ENCONTRARAM L√çDER""

Ap√≥s se tornar r√©u por suposta tentativa de golpe, Bolsonaro afirmou:‚Ä¶",LABEL_0,0.524208664894104
RT @bibonunes1: Hoje √© um dos dias mais vergonhosos para a justi√ßa do Brasil. O processo kafkiano que Bolsonaro enfrenta no STF ser√° lembra‚Ä¶,LABEL_0,0.5511120557785034
RT @bibonunes1: Hoje √© um dos dias mais vergonhosos para a justi√ßa do Brasil. O processo kafkiano que Bolsonaro enfrenta no STF ser√° lembra‚Ä¶,LABEL_0,0.5511120557785034
RT @bibonunes1: Hoje √© um dos dias mais vergonhosos para a justi√ßa do Brasil. O processo kafkiano que Bolsonaro enfrenta no STF ser√° lembra‚Ä¶,LABEL_0,0.5511120557785034
RT @bibonunes1: Hoje √© um dos dias mais vergonhosos para a justi√ßa do Brasil. O processo kafkiano que Bolsonaro enfrenta no STF ser√° lembra‚Ä¶,LABEL_0,0.5511120557785034
RT @bibonunes1: Hoje √© um dos dias mais vergonhosos para a justi√ßa do Brasil. O processo kafkiano que Bolsonaro enfrenta no STF ser√° lembra‚Ä¶,LABEL_0,0.5511120557785034
RT @bibonunes1: Hoje √© um dos dias mais vergonhosos para a justi√ßa do Brasil. O processo kafkiano que Bolsonaro enfrenta no STF ser√° lembra‚Ä¶,LABEL_0,0.5511120557785034
RT @bibonunes1: Hoje √© um dos dias mais vergonhosos para a justi√ßa do Brasil. O processo kafkiano que Bolsonaro enfrenta no STF ser√° lembra‚Ä¶,LABEL_0,0.5511120557785034
RT @bibonunes1: Hoje √© um dos dias mais vergonhosos para a justi√ßa do Brasil. O processo kafkiano que Bolsonaro enfrenta no STF ser√° lembra‚Ä¶,LABEL_0,0.5511120557785034
"RT @VoxLiberdade: üö® BOLSONARO: ""EM DOIS ANOS, N√ÉO ENCONTRARAM L√çDER""

Ap√≥s se tornar r√©u por suposta tentativa de golpe, Bolsonaro afirmou:‚Ä¶",LABEL_0,0.524208664894104
RT @bibonunes1: Hoje √© um dos dias mais vergonhosos para a justi√ßa do Brasil. O processo kafkiano que Bolsonaro enfrenta no STF ser√° lembra‚Ä¶,LABEL_0,0.5511120557785034
RT @bibonunes1: Hoje √© um dos dias mais vergonhosos para a justi√ßa do Brasil. O processo kafkiano que Bolsonaro enfrenta no STF ser√° lembra‚Ä¶,LABEL_0,0.5511120557785034
"RT @MrHP: O Estado teve um saldo + de 0,7%. A carga fiscal subiu. No tempo do #PS, isto significava + impostos e - investimento. Com a #AD‚Ä¶",LABEL_0,0.5445908904075623
"RT @psd_parlamento: üôèüèºüåπ Felizmente h√° no PS quem saiba olhar para a pol√≠tica com Nobreza e Dec√™ncia. 

#portugal #pol√≠tica #parlamento¬†#psd‚Ä¶",LABEL_0,0.5366231203079224
RT @bibonunes1: Hoje √© um dos dias mais vergonhosos para a justi√ßa do Brasil. O processo kafkiano que Bolsonaro enfrenta no STF ser√° lembra‚Ä¶,LABEL_0,0.5511120557785034
